grey-uk.mp3	https://api.dictionaryapi.dev/media/pronunciations/en/grey-uk.mp3
grey-us.mp3	https://api.dictionaryapi.dev/media/pronunciations/en/grey-us.mp3
theatre-uk.mp3	https://api.dictionaryapi.dev/media/pronunciations/en/theatre-uk.mp3
theatre-us.mp3	https://api.dictionaryapi.dev/media/pronunciations/en/theatre-us.mp3
flat-au.mp3	https://api.dictionaryapi.dev/media/pronunciations/en/flat-au.mp3
flat-us.mp3	https://api.dictionaryapi.dev/media/pronunciations/en/flat-us.mp3
trousers-uk.mp3	https://api.dictionaryapi.dev/media/pronunciations/en/trousers-uk.mp3
trousers-us.mp3	https://api.dictionaryapi.dev/media/pronunciations/en/trousers-us.mp3
chips-us.mp3	https://api.dictionaryapi.dev/media/pronunciations/en/chips-us.mp3
biscuit-au.mp3	https://api.dictionaryapi.dev/media/pronunciations/en/biscuit-au.mp3
biscuit-us.mp3	https://api.dictionaryapi.dev/media/pronunciations/en/biscuit-us.mp3
courgette-uk.mp3	https://api.dictionaryapi.dev/media/pronunciations/en/courgette-uk.mp3
rubber-us.mp3	https://api.dictionaryapi.dev/media/pronunciations/en/rubber-us.mp3
fall-1-us.mp3	https://api.dictionaryapi.dev/media/pronunciations/en/fall-1-us.mp3
football-au.mp3	https://api.dictionaryapi.dev/media/pronunciations/en/football-au.mp3
english-us.mp3	https://api.dictionaryapi.dev/media/pronunciations/en/english-us.mp3
maths-uk.mp3	https://api.dictionaryapi.dev/media/pronunciations/en/maths-uk.mp3
music-uk.mp3	https://api.dictionaryapi.dev/media/pronunciations/en/music-uk.mp3
art-us.mp3	https://api.dictionaryapi.dev/media/pronunciations/en/art-us.mp3
science-1-ca.mp3	https://api.dictionaryapi.dev/media/pronunciations/en/science-1-ca.mp3
history-uk.mp3	https://api.dictionaryapi.dev/media/pronunciations/en/history-uk.mp3
geography-us.mp3	https://api.dictionaryapi.dev/media/pronunciations/en/geography-us.mp3
student-uk.mp3	https://api.dictionaryapi.dev/media/pronunciations/en/student-uk.mp3
pupil-us.mp3	https://api.dictionaryapi.dev/media/pronunciations/en/pupil-us.mp3
class-uk.mp3	https://api.dictionaryapi.dev/media/pronunciations/en/class-uk.mp3
hello-au.mp3	https://api.dictionaryapi.dev/media/pronunciations/en/hello-au.mp3
hi-1-uk.mp3	https://api.dictionaryapi.dev/media/pronunciations/en/hi-1-uk.mp3
yes.mp3	https://api.dictionaryapi.dev/media/pronunciations/en/yes.mp3
no-uk.mp3	https://api.dictionaryapi.dev/media/pronunciations/en/no-uk.mp3
not-uk.mp3	https://api.dictionaryapi.dev/media/pronunciations/en/not-uk.mp3
please-uk.mp3	https://api.dictionaryapi.dev/media/pronunciations/en/please-uk.mp3
thanks-us.ogg	https://api.dictionaryapi.dev/media/pronunciations/en/thanks-us.ogg
sorry-ca.mp3	https://api.dictionaryapi.dev/media/pronunciations/en/sorry-ca.mp3
i-1-us.mp3	https://api.dictionaryapi.dev/media/pronunciations/en/i-1-us.mp3
me-1-au.mp3	https://api.dictionaryapi.dev/media/pronunciations/en/me-1-au.mp3
you-au-us-unstressed.mp3	https://api.dictionaryapi.dev/media/pronunciations/en/you-au-us-unstressed.mp3
he-1-uk.mp3	https://api.dictionaryapi.dev/media/pronunciations/en/he-1-uk.mp3
she-uk.mp3	https://api.dictionaryapi.dev/media/pronunciations/en/she-uk.mp3
it-uk-stressed.mp3	https://api.dictionaryapi.dev/media/pronunciations/en/it-uk-stressed.mp3
it-us-stressed.mp3	https://api.dictionaryapi.dev/media/pronunciations/en/it-us-stressed.mp3
we-uk.mp3	https://api.dictionaryapi.dev/media/pronunciations/en/we-uk.mp3
they-uk.mp3	https://api.dictionaryapi.dev/media/pronunciations/en/they-uk.mp3
him-us.mp3	https://api.dictionaryapi.dev/media/pronunciations/en/him-us.mp3
her-us.mp3	https://api.dictionaryapi.dev/media/pronunciations/en/her-us.mp3
us-1-us.mp3	https://api.dictionaryapi.dev/media/pronunciations/en/us-1-us.mp3
them-us.mp3	https://api.dictionaryapi.dev/media/pronunciations/en/them-us.mp3
my-us.mp3	https://api.dictionaryapi.dev/media/pronunciations/en/my-us.mp3
his-1-us.mp3	https://api.dictionaryapi.dev/media/pronunciations/en/his-1-us.mp3
its-us.ogg	https://api.dictionaryapi.dev/media/pronunciations/en/its-us.ogg
mine-us.mp3	https://api.dictionaryapi.dev/media/pronunciations/en/mine-us.mp3
yours-us.mp3	https://api.dictionaryapi.dev/media/pronunciations/en/yours-us.mp3
hers-us.mp3	https://api.dictionaryapi.dev/media/pronunciations/en/hers-us.mp3
theirs-us.mp3	https://api.dictionaryapi.dev/media/pronunciations/en/theirs-us.mp3
ours-us.mp3	https://api.dictionaryapi.dev/media/pronunciations/en/ours-us.mp3
this-us.mp3	https://api.dictionaryapi.dev/media/pronunciations/en/this-us.mp3
that-us.mp3	https://api.dictionaryapi.dev/media/pronunciations/en/that-us.mp3
these-uk.mp3	https://api.dictionaryapi.dev/media/pronunciations/en/these-uk.mp3
those-us.mp3	https://api.dictionaryapi.dev/media/pronunciations/en/those-us.mp3
what-uk.mp3	https://api.dictionaryapi.dev/media/pronunciations/en/what-uk.mp3
what-us-stressed.mp3	https://api.dictionaryapi.dev/media/pronunciations/en/what-us-stressed.mp3
who-us.mp3	https://api.dictionaryapi.dev/media/pronunciations/en/who-us.mp3
where-us.mp3	https://api.dictionaryapi.dev/media/pronunciations/en/where-us.mp3
when-uk.mp3	https://api.dictionaryapi.dev/media/pronunciations/en/when-uk.mp3
why-1-uk.mp3	https://api.dictionaryapi.dev/media/pronunciations/en/why-1-uk.mp3
how-uk.mp3	https://api.dictionaryapi.dev/media/pronunciations/en/how-uk.mp3
which-uk.mp3	https://api.dictionaryapi.dev/media/pronunciations/en/which-uk.mp3
some-us.mp3	https://api.dictionaryapi.dev/media/pronunciations/en/some-us.mp3
any-us.mp3	https://api.dictionaryapi.dev/media/pronunciations/en/any-us.mp3
many-us.mp3	https://api.dictionaryapi.dev/media/pronunciations/en/many-us.mp3
much-us.mp3	https://api.dictionaryapi.dev/media/pronunciations/en/much-us.mp3
all-us.mp3	https://api.dictionaryapi.dev/media/pronunciations/en/all-us.mp3
both-us.mp3	https://api.dictionaryapi.dev/media/pronunciations/en/both-us.mp3
each-us.mp3	https://api.dictionaryapi.dev/media/pronunciations/en/each-us.mp3
few-uk.mp3	https://api.dictionaryapi.dev/media/pronunciations/en/few-uk.mp3
other-uk.mp3	https://api.dictionaryapi.dev/media/pronunciations/en/other-uk.mp3
another-uk.mp3	https://api.dictionaryapi.dev/media/pronunciations/en/another-uk.mp3
a-1-us.mp3	https://api.dictionaryapi.dev/media/pronunciations/en/a-1-us.mp3
an-us-stressed.mp3	https://api.dictionaryapi.dev/media/pronunciations/en/an-us-stressed.mp3
the-ca-unstressed.mp3	https://api.dictionaryapi.dev/media/pronunciations/en/the-ca-unstressed.mp3
the-us-stressed.mp3	https://api.dictionaryapi.dev/media/pronunciations/en/the-us-stressed.mp3
in-au-stressed.mp3	https://api.dictionaryapi.dev/media/pronunciations/en/in-au-stressed.mp3
in-us-stressed.mp3	https://api.dictionaryapi.dev/media/pronunciations/en/in-us-stressed.mp3
on-au.mp3	https://api.dictionaryapi.dev/media/pronunciations/en/on-au.mp3
under-us.mp3	https://api.dictionaryapi.dev/media/pronunciations/en/under-us.mp3
behind-uk-adverb-preposition.mp3	https://api.dictionaryapi.dev/media/pronunciations/en/behind-uk-adverb-preposition.mp3
behind-us-adverb-preposition.mp3	https://api.dictionaryapi.dev/media/pronunciations/en/behind-us-adverb-preposition.mp3
beside-us.mp3	https://api.dictionaryapi.dev/media/pronunciations/en/beside-us.mp3
near-uk.mp3	https://api.dictionaryapi.dev/media/pronunciations/en/near-uk.mp3
between-us.mp3	https://api.dictionaryapi.dev/media/pronunciations/en/between-us.mp3
in front of-uk.mp3	https://api.dictionaryapi.dev/media/pronunciations/en/in%20front%20of-uk.mp3
above-us.mp3	https://api.dictionaryapi.dev/media/pronunciations/en/above-us.mp3
below-us.mp3	https://api.dictionaryapi.dev/media/pronunciations/en/below-us.mp3
at-us.mp3	https://api.dictionaryapi.dev/media/pronunciations/en/at-us.mp3
from-us.mp3	https://api.dictionaryapi.dev/media/pronunciations/en/from-us.mp3
by-us.mp3	https://api.dictionaryapi.dev/media/pronunciations/en/by-us.mp3
about-us.mp3	https://api.dictionaryapi.dev/media/pronunciations/en/about-us.mp3
into-us.mp3	https://api.dictionaryapi.dev/media/pronunciations/en/into-us.mp3
out-au.mp3	https://api.dictionaryapi.dev/media/pronunciations/en/out-au.mp3
off-au.mp3	https://api.dictionaryapi.dev/media/pronunciations/en/off-au.mp3
over-au.mp3	https://api.dictionaryapi.dev/media/pronunciations/en/over-au.mp3
through-1-us.mp3	https://api.dictionaryapi.dev/media/pronunciations/en/through-1-us.mp3
up-au.mp3	https://api.dictionaryapi.dev/media/pronunciations/en/up-au.mp3
down-us.mp3	https://api.dictionaryapi.dev/media/pronunciations/en/down-us.mp3
around-us.mp3	https://api.dictionaryapi.dev/media/pronunciations/en/around-us.mp3
before-us.mp3	https://api.dictionaryapi.dev/media/pronunciations/en/before-us.mp3
after-us.mp3	https://api.dictionaryapi.dev/media/pronunciations/en/after-us.mp3
and-us.mp3	https://api.dictionaryapi.dev/media/pronunciations/en/and-us.mp3
but-au.mp3	https://api.dictionaryapi.dev/media/pronunciations/en/but-au.mp3
or-uk-stressed.mp3	https://api.dictionaryapi.dev/media/pronunciations/en/or-uk-stressed.mp3
or-us-stressed.mp3	https://api.dictionaryapi.dev/media/pronunciations/en/or-us-stressed.mp3
because-us.mp3	https://api.dictionaryapi.dev/media/pronunciations/en/because-us.mp3
so-1-us.mp3	https://api.dictionaryapi.dev/media/pronunciations/en/so-1-us.mp3
if-us.mp3	https://api.dictionaryapi.dev/media/pronunciations/en/if-us.mp3
while-us.mp3	https://api.dictionaryapi.dev/media/pronunciations/en/while-us.mp3
than.mp3	https://api.dictionaryapi.dev/media/pronunciations/en/than.mp3
am-us.mp3	https://api.dictionaryapi.dev/media/pronunciations/en/am-us.mp3
do-1-au.mp3	https://api.dictionaryapi.dev/media/pronunciations/en/do-1-au.mp3
does-1-us.mp3	https://api.dictionaryapi.dev/media/pronunciations/en/does-1-us.mp3
did-ca.mp3	https://api.dictionaryapi.dev/media/pronunciations/en/did-ca.mp3
can-1-us-stressed.mp3	https://api.dictionaryapi.dev/media/pronunciations/en/can-1-us-stressed.mp3
must-us.mp3	https://api.dictionaryapi.dev/media/pronunciations/en/must-us.mp3
should.mp3	https://api.dictionaryapi.dev/media/pronunciations/en/should.mp3
will-us.mp3	https://api.dictionaryapi.dev/media/pronunciations/en/will-us.mp3
would-us-stressed.mp3	https://api.dictionaryapi.dev/media/pronunciations/en/would-us-stressed.mp3
has-us.mp3	https://api.dictionaryapi.dev/media/pronunciations/en/has-us.mp3
had-us.mp3	https://api.dictionaryapi.dev/media/pronunciations/en/had-us.mp3
now-uk.mp3	https://api.dictionaryapi.dev/media/pronunciations/en/now-uk.mp3
then-us.mp3	https://api.dictionaryapi.dev/media/pronunciations/en/then-us.mp3
soon-us.mp3	https://api.dictionaryapi.dev/media/pronunciations/en/soon-us.mp3
often-us.mp3	https://api.dictionaryapi.dev/media/pronunciations/en/often-us.mp3
usually-us.mp3	https://api.dictionaryapi.dev/media/pronunciations/en/usually-us.mp3
always-uk.mp3	https://api.dictionaryapi.dev/media/pronunciations/en/always-uk.mp3
sometimes-us.mp3	https://api.dictionaryapi.dev/media/pronunciations/en/sometimes-us.mp3
never-uk.mp3	https://api.dictionaryapi.dev/media/pronunciations/en/never-uk.mp3
here-uk.mp3	https://api.dictionaryapi.dev/media/pronunciations/en/here-uk.mp3
there-uk.mp3	https://api.dictionaryapi.dev/media/pronunciations/en/there-uk.mp3
very-uk.mp3	https://api.dictionaryapi.dev/media/pronunciations/en/very-uk.mp3
too-us.mp3	https://api.dictionaryapi.dev/media/pronunciations/en/too-us.mp3
quite-1-us.mp3	https://api.dictionaryapi.dev/media/pronunciations/en/quite-1-us.mp3
really-1-us.mp3	https://api.dictionaryapi.dev/media/pronunciations/en/really-1-us.mp3
also-us.mp3	https://api.dictionaryapi.dev/media/pronunciations/en/also-us.mp3
again-uk.mp3	https://api.dictionaryapi.dev/media/pronunciations/en/again-uk.mp3
just-us.mp3	https://api.dictionaryapi.dev/media/pronunciations/en/just-us.mp3
slowly-uk.mp3	https://api.dictionaryapi.dev/media/pronunciations/en/slowly-uk.mp3
quickly-us.mp3	https://api.dictionaryapi.dev/media/pronunciations/en/quickly-us.mp3
quietly-us.mp3	https://api.dictionaryapi.dev/media/pronunciations/en/quietly-us.mp3
loudly-us.mp3	https://api.dictionaryapi.dev/media/pronunciations/en/loudly-us.mp3
well-uk.mp3	https://api.dictionaryapi.dev/media/pronunciations/en/well-uk.mp3
dog-uk.mp3	https://api.dictionaryapi.dev/media/pronunciations/en/dog-uk.mp3
dog-us.mp3	https://api.dictionaryapi.dev/media/pronunciations/en/dog-us.mp3
cat-uk.mp3	https://api.dictionaryapi.dev/media/pronunciations/en/cat-uk.mp3
cat-us.mp3	https://api.dictionaryapi.dev/media/pronunciations/en/cat-us.mp3
pig-1-us.mp3	https://api.dictionaryapi.dev/media/pronunciations/en/pig-1-us.mp3
cow-uk.mp3	https://api.dictionaryapi.dev/media/pronunciations/en/cow-uk.mp3
cow-us.mp3	https://api.dictionaryapi.dev/media/pronunciations/en/cow-us.mp3
duck-us.mp3	https://api.dictionaryapi.dev/media/pronunciations/en/duck-us.mp3
hen-us.mp3	https://api.dictionaryapi.dev/media/pronunciations/en/hen-us.mp3
bird-us.mp3	https://api.dictionaryapi.dev/media/pronunciations/en/bird-us.mp3
fish-uk.mp3	https://api.dictionaryapi.dev/media/pronunciations/en/fish-uk.mp3
fish-us.mp3	https://api.dictionaryapi.dev/media/pronunciations/en/fish-us.mp3
frog-us.mp3	https://api.dictionaryapi.dev/media/pronunciations/en/frog-us.mp3
rabbit-au.mp3	https://api.dictionaryapi.dev/media/pronunciations/en/rabbit-au.mp3
rabbit-us.mp3	https://api.dictionaryapi.dev/media/pronunciations/en/rabbit-us.mp3
monkey-us.mp3	https://api.dictionaryapi.dev/media/pronunciations/en/monkey-us.mp3
elephant-us.mp3	https://api.dictionaryapi.dev/media/pronunciations/en/elephant-us.mp3
tiger-1-us.mp3	https://api.dictionaryapi.dev/media/pronunciations/en/tiger-1-us.mp3
lion-us.mp3	https://api.dictionaryapi.dev/media/pronunciations/en/lion-us.mp3
bear-us.mp3	https://api.dictionaryapi.dev/media/pronunciations/en/bear-us.mp3
panda-2-uk.mp3	https://api.dictionaryapi.dev/media/pronunciations/en/panda-2-uk.mp3
panda-1-us.mp3	https://api.dictionaryapi.dev/media/pronunciations/en/panda-1-us.mp3
snake-us.mp3	https://api.dictionaryapi.dev/media/pronunciations/en/snake-us.mp3
turtle-us.mp3	https://api.dictionaryapi.dev/media/pronunciations/en/turtle-us.mp3
horse-us.mp3	https://api.dictionaryapi.dev/media/pronunciations/en/horse-us.mp3
sheep-uk.mp3	https://api.dictionaryapi.dev/media/pronunciations/en/sheep-uk.mp3
sheep-us.mp3	https://api.dictionaryapi.dev/media/pronunciations/en/sheep-us.mp3
chicken-uk.mp3	https://api.dictionaryapi.dev/media/pronunciations/en/chicken-uk.mp3
chicken-us.mp3	https://api.dictionaryapi.dev/media/pronunciations/en/chicken-us.mp3
ant-us.mp3	https://api.dictionaryapi.dev/media/pronunciations/en/ant-us.mp3
bee-us.mp3	https://api.dictionaryapi.dev/media/pronunciations/en/bee-us.mp3
butterfly-uk.mp3	https://api.dictionaryapi.dev/media/pronunciations/en/butterfly-uk.mp3
butterfly-au.mp3	https://api.dictionaryapi.dev/media/pronunciations/en/butterfly-au.mp3
spider-us.mp3	https://api.dictionaryapi.dev/media/pronunciations/en/spider-us.mp3
dolphin-us.mp3	https://api.dictionaryapi.dev/media/pronunciations/en/dolphin-us.mp3
whale-us.mp3	https://api.dictionaryapi.dev/media/pronunciations/en/whale-us.mp3
shark-us.mp3	https://api.dictionaryapi.dev/media/pronunciations/en/shark-us.mp3
deer-us.mp3	https://api.dictionaryapi.dev/media/pronunciations/en/deer-us.mp3
camel-1-us.mp3	https://api.dictionaryapi.dev/media/pronunciations/en/camel-1-us.mp3
gorilla-us.mp3	https://api.dictionaryapi.dev/media/pronunciations/en/gorilla-us.mp3
kangaroo-us.mp3	https://api.dictionaryapi.dev/media/pronunciations/en/kangaroo-us.mp3
zebra-uk.mp3	https://api.dictionaryapi.dev/media/pronunciations/en/zebra-uk.mp3
apple-uk.mp3	https://api.dictionaryapi.dev/media/pronunciations/en/apple-uk.mp3
apple-us.mp3	https://api.dictionaryapi.dev/media/pronunciations/en/apple-us.mp3
banana-uk.mp3	https://api.dictionaryapi.dev/media/pronunciations/en/banana-uk.mp3
banana-us.mp3	https://api.dictionaryapi.dev/media/pronunciations/en/banana-us.mp3
grape-uk.mp3	https://api.dictionaryapi.dev/media/pronunciations/en/grape-uk.mp3
grape-us.mp3	https://api.dictionaryapi.dev/media/pronunciations/en/grape-us.mp3
watermelon-us.mp3	https://api.dictionaryapi.dev/media/pronunciations/en/watermelon-us.mp3
mango-us.mp3	https://api.dictionaryapi.dev/media/pronunciations/en/mango-us.mp3
peach-us.mp3	https://api.dictionaryapi.dev/media/pronunciations/en/peach-us.mp3
pear-uk.mp3	https://api.dictionaryapi.dev/media/pronunciations/en/pear-uk.mp3
cherry-uk.mp3	https://api.dictionaryapi.dev/media/pronunciations/en/cherry-uk.mp3
cherry-us.mp3	https://api.dictionaryapi.dev/media/pronunciations/en/cherry-us.mp3
lemon-uk.mp3	https://api.dictionaryapi.dev/media/pronunciations/en/lemon-uk.mp3
pineapple-us.mp3	https://api.dictionaryapi.dev/media/pronunciations/en/pineapple-us.mp3
blueberry-us.mp3	https://api.dictionaryapi.dev/media/pronunciations/en/blueberry-us.mp3
kiwi-au.mp3	https://api.dictionaryapi.dev/media/pronunciations/en/kiwi-au.mp3
papaya-uk.mp3	https://api.dictionaryapi.dev/media/pronunciations/en/papaya-uk.mp3
plum-us.mp3	https://api.dictionaryapi.dev/media/pronunciations/en/plum-us.mp3
fig-us.mp3	https://api.dictionaryapi.dev/media/pronunciations/en/fig-us.mp3
melon-us.mp3	https://api.dictionaryapi.dev/media/pronunciations/en/melon-us.mp3
pomegranate-uk.mp3	https://api.dictionaryapi.dev/media/pronunciations/en/pomegranate-uk.mp3
avocado-us.mp3	https://api.dictionaryapi.dev/media/pronunciations/en/avocado-us.mp3
raspberry-uk.mp3	https://api.dictionaryapi.dev/media/pronunciations/en/raspberry-uk.mp3
blackberry-us.mp3	https://api.dictionaryapi.dev/media/pronunciations/en/blackberry-us.mp3
tomato-uk.mp3	https://api.dictionaryapi.dev/media/pronunciations/en/tomato-uk.mp3
tomato-us.mp3	https://api.dictionaryapi.dev/media/pronunciations/en/tomato-us.mp3
carrot-us.mp3	https://api.dictionaryapi.dev/media/pronunciations/en/carrot-us.mp3
cucumber-us.mp3	https://api.dictionaryapi.dev/media/pronunciations/en/cucumber-us.mp3
corn-us.mp3	https://api.dictionaryapi.dev/media/pronunciations/en/corn-us.mp3
broccoli-us.mp3	https://api.dictionaryapi.dev/media/pronunciations/en/broccoli-us.mp3
pumpkin-us.mp3	https://api.dictionaryapi.dev/media/pronunciations/en/pumpkin-us.mp3
onion-uk.mp3	https://api.dictionaryapi.dev/media/pronunciations/en/onion-uk.mp3
onion-us.mp3	https://api.dictionaryapi.dev/media/pronunciations/en/onion-us.mp3
mushroom-us.mp3	https://api.dictionaryapi.dev/media/pronunciations/en/mushroom-us.mp3
pepper-uk.mp3	https://api.dictionaryapi.dev/media/pronunciations/en/pepper-uk.mp3
cabbage-uk.mp3	https://api.dictionaryapi.dev/media/pronunciations/en/cabbage-uk.mp3
cabbage-us.mp3	https://api.dictionaryapi.dev/media/pronunciations/en/cabbage-us.mp3
pea-us.mp3	https://api.dictionaryapi.dev/media/pronunciations/en/pea-us.mp3
eggplant-us.mp3	https://api.dictionaryapi.dev/media/pronunciations/en/eggplant-us.mp3
celery-us.mp3	https://api.dictionaryapi.dev/media/pronunciations/en/celery-us.mp3
garlic-uk.mp3	https://api.dictionaryapi.dev/media/pronunciations/en/garlic-uk.mp3
lettuce-us.mp3	https://api.dictionaryapi.dev/media/pronunciations/en/lettuce-us.mp3
radish-us.mp3	https://api.dictionaryapi.dev/media/pronunciations/en/radish-us.mp3
cauliflower-us.mp3	https://api.dictionaryapi.dev/media/pronunciations/en/cauliflower-us.mp3
bread-uk.mp3	https://api.dictionaryapi.dev/media/pronunciations/en/bread-uk.mp3
bread-us.mp3	https://api.dictionaryapi.dev/media/pronunciations/en/bread-us.mp3
rice-uk.mp3	https://api.dictionaryapi.dev/media/pronunciations/en/rice-uk.mp3
rice-us.mp3	https://api.dictionaryapi.dev/media/pronunciations/en/rice-us.mp3
noodle-us.mp3	https://api.dictionaryapi.dev/media/pronunciations/en/noodle-us.mp3
egg-us.mp3	https://api.dictionaryapi.dev/media/pronunciations/en/egg-us.mp3
milk-uk.mp3	https://api.dictionaryapi.dev/media/pronunciations/en/milk-uk.mp3
milk-us.mp3	https://api.dictionaryapi.dev/media/pronunciations/en/milk-us.mp3
water-uk.mp3	https://api.dictionaryapi.dev/media/pronunciations/en/water-uk.mp3
water-us.mp3	https://api.dictionaryapi.dev/media/pronunciations/en/water-us.mp3
juice-1-us.mp3	https://api.dictionaryapi.dev/media/pronunciations/en/juice-1-us.mp3
cake-1-uk.mp3	https://api.dictionaryapi.dev/media/pronunciations/en/cake-1-uk.mp3
cake-1-us.mp3	https://api.dictionaryapi.dev/media/pronunciations/en/cake-1-us.mp3
cookie-au.mp3	https://api.dictionaryapi.dev/media/pronunciations/en/cookie-au.mp3
candy-us.mp3	https://api.dictionaryapi.dev/media/pronunciations/en/candy-us.mp3
chocolate-uk.mp3	https://api.dictionaryapi.dev/media/pronunciations/en/chocolate-uk.mp3
chocolate-us.mp3	https://api.dictionaryapi.dev/media/pronunciations/en/chocolate-us.mp3
sandwich-us.mp3	https://api.dictionaryapi.dev/media/pronunciations/en/sandwich-us.mp3
tea-1-uk.mp3	https://api.dictionaryapi.dev/media/pronunciations/en/tea-1-uk.mp3
tea-1-us.mp3	https://api.dictionaryapi.dev/media/pronunciations/en/tea-1-us.mp3
coffee-uk.mp3	https://api.dictionaryapi.dev/media/pronunciations/en/coffee-uk.mp3
coffee-us.mp3	https://api.dictionaryapi.dev/media/pronunciations/en/coffee-us.mp3
soup-uk.mp3	https://api.dictionaryapi.dev/media/pronunciations/en/soup-uk.mp3
soup-us.mp3	https://api.dictionaryapi.dev/media/pronunciations/en/soup-us.mp3
cheese-us.mp3	https://api.dictionaryapi.dev/media/pronunciations/en/cheese-us.mp3
jam-uk.mp3	https://api.dictionaryapi.dev/media/pronunciations/en/jam-uk.mp3
jam-us.mp3	https://api.dictionaryapi.dev/media/pronunciations/en/jam-us.mp3
honey-us.mp3	https://api.dictionaryapi.dev/media/pronunciations/en/honey-us.mp3
yogurt-us.mp3	https://api.dictionaryapi.dev/media/pronunciations/en/yogurt-us.mp3
sausage-us.mp3	https://api.dictionaryapi.dev/media/pronunciations/en/sausage-us.mp3
dumpling-us.mp3	https://api.dictionaryapi.dev/media/pronunciations/en/dumpling-us.mp3
meat-uk.mp3	https://api.dictionaryapi.dev/media/pronunciations/en/meat-uk.mp3
meat-us.mp3	https://api.dictionaryapi.dev/media/pronunciations/en/meat-us.mp3
red-us.mp3	https://api.dictionaryapi.dev/media/pronunciations/en/red-us.mp3
blue-uk.mp3	https://api.dictionaryapi.dev/media/pronunciations/en/blue-uk.mp3
blue-us.mp3	https://api.dictionaryapi.dev/media/pronunciations/en/blue-us.mp3
yellow-uk.mp3	https://api.dictionaryapi.dev/media/pronunciations/en/yellow-uk.mp3
yellow-us.mp3	https://api.dictionaryapi.dev/media/pronunciations/en/yellow-us.mp3
green-uk.mp3	https://api.dictionaryapi.dev/media/pronunciations/en/green-uk.mp3
green-us.mp3	https://api.dictionaryapi.dev/media/pronunciations/en/green-us.mp3
purple-us.mp3	https://api.dictionaryapi.dev/media/pronunciations/en/purple-us.mp3
pink-uk.mp3	https://api.dictionaryapi.dev/media/pronunciations/en/pink-uk.mp3
black-uk.mp3	https://api.dictionaryapi.dev/media/pronunciations/en/black-uk.mp3
white-uk.mp3	https://api.dictionaryapi.dev/media/pronunciations/en/white-uk.mp3
white-us.mp3	https://api.dictionaryapi.dev/media/pronunciations/en/white-us.mp3
brown-uk.mp3	https://api.dictionaryapi.dev/media/pronunciations/en/brown-uk.mp3
brown-us.mp3	https://api.dictionaryapi.dev/media/pronunciations/en/brown-us.mp3
gray-1-uk.mp3	https://api.dictionaryapi.dev/media/pronunciations/en/gray-1-uk.mp3
gray-1-us.mp3	https://api.dictionaryapi.dev/media/pronunciations/en/gray-1-us.mp3
gold-1-uk.mp3	https://api.dictionaryapi.dev/media/pronunciations/en/gold-1-uk.mp3
gold-1-us.mp3	https://api.dictionaryapi.dev/media/pronunciations/en/gold-1-us.mp3
silver-us.mp3	https://api.dictionaryapi.dev/media/pronunciations/en/silver-us.mp3
circle-au.mp3	https://api.dictionaryapi.dev/media/pronunciations/en/circle-au.mp3
circle-us.mp3	https://api.dictionaryapi.dev/media/pronunciations/en/circle-us.mp3
square-us.mp3	https://api.dictionaryapi.dev/media/pronunciations/en/square-us.mp3
triangle-us.mp3	https://api.dictionaryapi.dev/media/pronunciations/en/triangle-us.mp3
rectangle-us.mp3	https://api.dictionaryapi.dev/media/pronunciations/en/rectangle-us.mp3
star-uk.mp3	https://api.dictionaryapi.dev/media/pronunciations/en/star-uk.mp3
star-us.mp3	https://api.dictionaryapi.dev/media/pronunciations/en/star-us.mp3
heart-uk.mp3	https://api.dictionaryapi.dev/media/pronunciations/en/heart-uk.mp3
diamond-us.mp3	https://api.dictionaryapi.dev/media/pronunciations/en/diamond-us.mp3
navy-us.mp3	https://api.dictionaryapi.dev/media/pronunciations/en/navy-us.mp3
mint-us.mp3	https://api.dictionaryapi.dev/media/pronunciations/en/mint-us.mp3
one-au.mp3	https://api.dictionaryapi.dev/media/pronunciations/en/one-au.mp3
one-us.mp3	https://api.dictionaryapi.dev/media/pronunciations/en/one-us.mp3
two-uk.mp3	https://api.dictionaryapi.dev/media/pronunciations/en/two-uk.mp3
two-us.mp3	https://api.dictionaryapi.dev/media/pronunciations/en/two-us.mp3
three-us.mp3	https://api.dictionaryapi.dev/media/pronunciations/en/three-us.mp3
four-us.mp3	https://api.dictionaryapi.dev/media/pronunciations/en/four-us.mp3
five-us.mp3	https://api.dictionaryapi.dev/media/pronunciations/en/five-us.mp3
six-us.mp3	https://api.dictionaryapi.dev/media/pronunciations/en/six-us.mp3
seven-us.mp3	https://api.dictionaryapi.dev/media/pronunciations/en/seven-us.mp3
eight-1-us.mp3	https://api.dictionaryapi.dev/media/pronunciations/en/eight-1-us.mp3
nine-us.mp3	https://api.dictionaryapi.dev/media/pronunciations/en/nine-us.mp3
ten-us.mp3	https://api.dictionaryapi.dev/media/pronunciations/en/ten-us.mp3
eleven-us.mp3	https://api.dictionaryapi.dev/media/pronunciations/en/eleven-us.mp3
twelve-us.mp3	https://api.dictionaryapi.dev/media/pronunciations/en/twelve-us.mp3
thirteen-us-stressed.mp3	https://api.dictionaryapi.dev/media/pronunciations/en/thirteen-us-stressed.mp3
twenty-uk.mp3	https://api.dictionaryapi.dev/media/pronunciations/en/twenty-uk.mp3
twenty-us.mp3	https://api.dictionaryapi.dev/media/pronunciations/en/twenty-us.mp3
thirty-uk.mp3	https://api.dictionaryapi.dev/media/pronunciations/en/thirty-uk.mp3
thirty-us.mp3	https://api.dictionaryapi.dev/media/pronunciations/en/thirty-us.mp3
hundred-us.mp3	https://api.dictionaryapi.dev/media/pronunciations/en/hundred-us.mp3
zero-us.mp3	https://api.dictionaryapi.dev/media/pronunciations/en/zero-us.mp3
head-uk.mp3	https://api.dictionaryapi.dev/media/pronunciations/en/head-uk.mp3
head-us.mp3	https://api.dictionaryapi.dev/media/pronunciations/en/head-us.mp3
eye-us.mp3	https://api.dictionaryapi.dev/media/pronunciations/en/eye-us.mp3
ear-uk.mp3	https://api.dictionaryapi.dev/media/pronunciations/en/ear-uk.mp3
ear-us.mp3	https://api.dictionaryapi.dev/media/pronunciations/en/ear-us.mp3
nose-uk.mp3	https://api.dictionaryapi.dev/media/pronunciations/en/nose-uk.mp3
nose-us.mp3	https://api.dictionaryapi.dev/media/pronunciations/en/nose-us.mp3
mouth-uk.mp3	https://api.dictionaryapi.dev/media/pronunciations/en/mouth-uk.mp3
mouth-us.mp3	https://api.dictionaryapi.dev/media/pronunciations/en/mouth-us.mp3
tooth-uk.mp3	https://api.dictionaryapi.dev/media/pronunciations/en/tooth-uk.mp3
tooth-us.mp3	https://api.dictionaryapi.dev/media/pronunciations/en/tooth-us.mp3
tongue-uk.mp3	https://api.dictionaryapi.dev/media/pronunciations/en/tongue-uk.mp3
tongue-us.mp3	https://api.dictionaryapi.dev/media/pronunciations/en/tongue-us.mp3
face-us.mp3	https://api.dictionaryapi.dev/media/pronunciations/en/face-us.mp3
hair-uk.mp3	https://api.dictionaryapi.dev/media/pronunciations/en/hair-uk.mp3
hair-us.mp3	https://api.dictionaryapi.dev/media/pronunciations/en/hair-us.mp3
neck-us.mp3	https://api.dictionaryapi.dev/media/pronunciations/en/neck-us.mp3
shoulder-us.mp3	https://api.dictionaryapi.dev/media/pronunciations/en/shoulder-us.mp3
arm-us.mp3	https://api.dictionaryapi.dev/media/pronunciations/en/arm-us.mp3
hand-uk.mp3	https://api.dictionaryapi.dev/media/pronunciations/en/hand-uk.mp3
hand-us.mp3	https://api.dictionaryapi.dev/media/pronunciations/en/hand-us.mp3
finger-us.mp3	https://api.dictionaryapi.dev/media/pronunciations/en/finger-us.mp3
leg-1-uk.mp3	https://api.dictionaryapi.dev/media/pronunciations/en/leg-1-uk.mp3
leg-1-us.mp3	https://api.dictionaryapi.dev/media/pronunciations/en/leg-1-us.mp3
knee-us.mp3	https://api.dictionaryapi.dev/media/pronunciations/en/knee-us.mp3
foot-uk.mp3	https://api.dictionaryapi.dev/media/pronunciations/en/foot-uk.mp3
foot-us.mp3	https://api.dictionaryapi.dev/media/pronunciations/en/foot-us.mp3
toe-us.mp3	https://api.dictionaryapi.dev/media/pronunciations/en/toe-us.mp3
tummy-au.mp3	https://api.dictionaryapi.dev/media/pronunciations/en/tummy-au.mp3
back-us.mp3	https://api.dictionaryapi.dev/media/pronunciations/en/back-us.mp3
chin-us.mp3	https://api.dictionaryapi.dev/media/pronunciations/en/chin-us.mp3
cheek-us.mp3	https://api.dictionaryapi.dev/media/pronunciations/en/cheek-us.mp3
father-uk.mp3	https://api.dictionaryapi.dev/media/pronunciations/en/father-uk.mp3
father-us.mp3	https://api.dictionaryapi.dev/media/pronunciations/en/father-us.mp3
mother-uk.mp3	https://api.dictionaryapi.dev/media/pronunciations/en/mother-uk.mp3
mother-us.mp3	https://api.dictionaryapi.dev/media/pronunciations/en/mother-us.mp3
brother-uk.mp3	https://api.dictionaryapi.dev/media/pronunciations/en/brother-uk.mp3
brother-us.mp3	https://api.dictionaryapi.dev/media/pronunciations/en/brother-us.mp3
sister-uk.mp3	https://api.dictionaryapi.dev/media/pronunciations/en/sister-uk.mp3
sister-us.mp3	https://api.dictionaryapi.dev/media/pronunciations/en/sister-us.mp3
baby-uk.mp3	https://api.dictionaryapi.dev/media/pronunciations/en/baby-uk.mp3
baby-us.mp3	https://api.dictionaryapi.dev/media/pronunciations/en/baby-us.mp3
uncle-uk.mp3	https://api.dictionaryapi.dev/media/pronunciations/en/uncle-uk.mp3
uncle-us.mp3	https://api.dictionaryapi.dev/media/pronunciations/en/uncle-us.mp3
aunt-us.mp3	https://api.dictionaryapi.dev/media/pronunciations/en/aunt-us.mp3
son-uk.mp3	https://api.dictionaryapi.dev/media/pronunciations/en/son-uk.mp3
son-us.mp3	https://api.dictionaryapi.dev/media/pronunciations/en/son-us.mp3
daughter-uk.mp3	https://api.dictionaryapi.dev/media/pronunciations/en/daughter-uk.mp3
daughter-us.mp3	https://api.dictionaryapi.dev/media/pronunciations/en/daughter-us.mp3
husband-uk.mp3	https://api.dictionaryapi.dev/media/pronunciations/en/husband-uk.mp3
husband-us.mp3	https://api.dictionaryapi.dev/media/pronunciations/en/husband-us.mp3
wife-uk.mp3	https://api.dictionaryapi.dev/media/pronunciations/en/wife-uk.mp3
wife-us.mp3	https://api.dictionaryapi.dev/media/pronunciations/en/wife-us.mp3
family-uk.mp3	https://api.dictionaryapi.dev/media/pronunciations/en/family-uk.mp3
family-us.mp3	https://api.dictionaryapi.dev/media/pronunciations/en/family-us.mp3
shirt-uk.mp3	https://api.dictionaryapi.dev/media/pronunciations/en/shirt-uk.mp3
shirt-us.mp3	https://api.dictionaryapi.dev/media/pronunciations/en/shirt-us.mp3
pants-us.mp3	https://api.dictionaryapi.dev/media/pronunciations/en/pants-us.mp3
dress-uk.mp3	https://api.dictionaryapi.dev/media/pronunciations/en/dress-uk.mp3
dress-us.mp3	https://api.dictionaryapi.dev/media/pronunciations/en/dress-us.mp3
skirt-uk.mp3	https://api.dictionaryapi.dev/media/pronunciations/en/skirt-uk.mp3
skirt-us.mp3	https://api.dictionaryapi.dev/media/pronunciations/en/skirt-us.mp3
coat-uk.mp3	https://api.dictionaryapi.dev/media/pronunciations/en/coat-uk.mp3
coat-us.mp3	https://api.dictionaryapi.dev/media/pronunciations/en/coat-us.mp3
jacket-us.mp3	https://api.dictionaryapi.dev/media/pronunciations/en/jacket-us.mp3
hat-us.mp3	https://api.dictionaryapi.dev/media/pronunciations/en/hat-us.mp3
shoe-us.mp3	https://api.dictionaryapi.dev/media/pronunciations/en/shoe-us.mp3
sock-us.mp3	https://api.dictionaryapi.dev/media/pronunciations/en/sock-us.mp3
sweater-us.mp3	https://api.dictionaryapi.dev/media/pronunciations/en/sweater-us.mp3
glove-us.mp3	https://api.dictionaryapi.dev/media/pronunciations/en/glove-us.mp3
boot-us.mp3	https://api.dictionaryapi.dev/media/pronunciations/en/boot-us.mp3
jeans-uk.mp3	https://api.dictionaryapi.dev/media/pronunciations/en/jeans-uk.mp3
vest-us.mp3	https://api.dictionaryapi.dev/media/pronunciations/en/vest-us.mp3
belt-us.mp3	https://api.dictionaryapi.dev/media/pronunciations/en/belt-us.mp3
sun-uk.mp3	https://api.dictionaryapi.dev/media/pronunciations/en/sun-uk.mp3
sun-us.mp3	https://api.dictionaryapi.dev/media/pronunciations/en/sun-us.mp3
moon-uk.mp3	https://api.dictionaryapi.dev/media/pronunciations/en/moon-uk.mp3
moon-us.mp3	https://api.dictionaryapi.dev/media/pronunciations/en/moon-us.mp3
cloud-uk.mp3	https://api.dictionaryapi.dev/media/pronunciations/en/cloud-uk.mp3
cloud-us.mp3	https://api.dictionaryapi.dev/media/pronunciations/en/cloud-us.mp3
rain-uk.mp3	https://api.dictionaryapi.dev/media/pronunciations/en/rain-uk.mp3
rain-us.mp3	https://api.dictionaryapi.dev/media/pronunciations/en/rain-us.mp3
snow-1-uk.mp3	https://api.dictionaryapi.dev/media/pronunciations/en/snow-1-uk.mp3
snow-1-us.mp3	https://api.dictionaryapi.dev/media/pronunciations/en/snow-1-us.mp3
wind-1-uk.mp3	https://api.dictionaryapi.dev/media/pronunciations/en/wind-1-uk.mp3
wind-1-us.mp3	https://api.dictionaryapi.dev/media/pronunciations/en/wind-1-us.mp3
rainbow-us.mp3	https://api.dictionaryapi.dev/media/pronunciations/en/rainbow-us.mp3
sky-uk.mp3	https://api.dictionaryapi.dev/media/pronunciations/en/sky-uk.mp3
sky-us.mp3	https://api.dictionaryapi.dev/media/pronunciations/en/sky-us.mp3
tree-uk.mp3	https://api.dictionaryapi.dev/media/pronunciations/en/tree-uk.mp3
tree-us.ogg	https://api.dictionaryapi.dev/media/pronunciations/en/tree-us.ogg
flower-1-uk.mp3	https://api.dictionaryapi.dev/media/pronunciations/en/flower-1-uk.mp3
flower-1-us.mp3	https://api.dictionaryapi.dev/media/pronunciations/en/flower-1-us.mp3
grass-uk.mp3	https://api.dictionaryapi.dev/media/pronunciations/en/grass-uk.mp3
grass-us.mp3	https://api.dictionaryapi.dev/media/pronunciations/en/grass-us.mp3
leaf-us.mp3	https://api.dictionaryapi.dev/media/pronunciations/en/leaf-us.mp3
river-1-uk.mp3	https://api.dictionaryapi.dev/media/pronunciations/en/river-1-uk.mp3
river-1-us.mp3	https://api.dictionaryapi.dev/media/pronunciations/en/river-1-us.mp3
mountain-uk.mp3	https://api.dictionaryapi.dev/media/pronunciations/en/mountain-uk.mp3
mountain-us.mp3	https://api.dictionaryapi.dev/media/pronunciations/en/mountain-us.mp3
ocean-us.mp3	https://api.dictionaryapi.dev/media/pronunciations/en/ocean-us.mp3
beach-uk.mp3	https://api.dictionaryapi.dev/media/pronunciations/en/beach-uk.mp3
beach-us.mp3	https://api.dictionaryapi.dev/media/pronunciations/en/beach-us.mp3
rock-us.mp3	https://api.dictionaryapi.dev/media/pronunciations/en/rock-us.mp3
fire-us.mp3	https://api.dictionaryapi.dev/media/pronunciations/en/fire-us.mp3
ice-us.mp3	https://api.dictionaryapi.dev/media/pronunciations/en/ice-us.mp3
island-uk.mp3	https://api.dictionaryapi.dev/media/pronunciations/en/island-uk.mp3
island-us.mp3	https://api.dictionaryapi.dev/media/pronunciations/en/island-us.mp3
volcano-us.mp3	https://api.dictionaryapi.dev/media/pronunciations/en/volcano-us.mp3
snowman-us.mp3	https://api.dictionaryapi.dev/media/pronunciations/en/snowman-us.mp3
tornado-us.mp3	https://api.dictionaryapi.dev/media/pronunciations/en/tornado-us.mp3
book-uk.mp3	https://api.dictionaryapi.dev/media/pronunciations/en/book-uk.mp3
book-us.mp3	https://api.dictionaryapi.dev/media/pronunciations/en/book-us.mp3
pen.mp3	https://api.dictionaryapi.dev/media/pronunciations/en/pen.mp3
pencil-us.mp3	https://api.dictionaryapi.dev/media/pronunciations/en/pencil-us.mp3
paper-uk.mp3	https://api.dictionaryapi.dev/media/pronunciations/en/paper-uk.mp3
paper-us.mp3	https://api.dictionaryapi.dev/media/pronunciations/en/paper-us.mp3
bag-au.mp3	https://api.dictionaryapi.dev/media/pronunciations/en/bag-au.mp3
bag-us.mp3	https://api.dictionaryapi.dev/media/pronunciations/en/bag-us.mp3
table-uk.mp3	https://api.dictionaryapi.dev/media/pronunciations/en/table-uk.mp3
table-us.mp3	https://api.dictionaryapi.dev/media/pronunciations/en/table-us.mp3
chair-uk.mp3	https://api.dictionaryapi.dev/media/pronunciations/en/chair-uk.mp3
chair-us.mp3	https://api.dictionaryapi.dev/media/pronunciations/en/chair-us.mp3
bed-uk.mp3	https://api.dictionaryapi.dev/media/pronunciations/en/bed-uk.mp3
bed-us.mp3	https://api.dictionaryapi.dev/media/pronunciations/en/bed-us.mp3
door-uk.mp3	https://api.dictionaryapi.dev/media/pronunciations/en/door-uk.mp3
door-us.mp3	https://api.dictionaryapi.dev/media/pronunciations/en/door-us.mp3
window-uk.mp3	https://api.dictionaryapi.dev/media/pronunciations/en/window-uk.mp3
window-us.mp3	https://api.dictionaryapi.dev/media/pronunciations/en/window-us.mp3
clock-uk.mp3	https://api.dictionaryapi.dev/media/pronunciations/en/clock-uk.mp3
clock-us.mp3	https://api.dictionaryapi.dev/media/pronunciations/en/clock-us.mp3
phone-uk.mp3	https://api.dictionaryapi.dev/media/pronunciations/en/phone-uk.mp3
phone-us.mp3	https://api.dictionaryapi.dev/media/pronunciations/en/phone-us.mp3
key-uk.mp3	https://api.dictionaryapi.dev/media/pronunciations/en/key-uk.mp3
key-us.mp3	https://api.dictionaryapi.dev/media/pronunciations/en/key-us.mp3
cup-uk.mp3	https://api.dictionaryapi.dev/media/pronunciations/en/cup-uk.mp3
cup-us.mp3	https://api.dictionaryapi.dev/media/pronunciations/en/cup-us.mp3
plate-uk.mp3	https://api.dictionaryapi.dev/media/pronunciations/en/plate-uk.mp3
plate-us.mp3	https://api.dictionaryapi.dev/media/pronunciations/en/plate-us.mp3
spoon-uk.mp3	https://api.dictionaryapi.dev/media/pronunciations/en/spoon-uk.mp3
spoon-us.mp3	https://api.dictionaryapi.dev/media/pronunciations/en/spoon-us.mp3
fork-uk.mp3	https://api.dictionaryapi.dev/media/pronunciations/en/fork-uk.mp3
fork-us.mp3	https://api.dictionaryapi.dev/media/pronunciations/en/fork-us.mp3
knife-uk.mp3	https://api.dictionaryapi.dev/media/pronunciations/en/knife-uk.mp3
knife-us.mp3	https://api.dictionaryapi.dev/media/pronunciations/en/knife-us.mp3
bottle-uk.mp3	https://api.dictionaryapi.dev/media/pronunciations/en/bottle-uk.mp3
box-us.mp3	https://api.dictionaryapi.dev/media/pronunciations/en/box-us.mp3
ball-us.mp3	https://api.dictionaryapi.dev/media/pronunciations/en/ball-us.mp3
toy-us.mp3	https://api.dictionaryapi.dev/media/pronunciations/en/toy-us.mp3
doll-us.mp3	https://api.dictionaryapi.dev/media/pronunciations/en/doll-us.mp3
umbrella-us.mp3	https://api.dictionaryapi.dev/media/pronunciations/en/umbrella-us.mp3
lamp-uk.mp3	https://api.dictionaryapi.dev/media/pronunciations/en/lamp-uk.mp3
lamp-us.mp3	https://api.dictionaryapi.dev/media/pronunciations/en/lamp-us.mp3
radio-us.mp3	https://api.dictionaryapi.dev/media/pronunciations/en/radio-us.mp3
computer-uk.mp3	https://api.dictionaryapi.dev/media/pronunciations/en/computer-uk.mp3
computer-us.mp3	https://api.dictionaryapi.dev/media/pronunciations/en/computer-us.mp3
watch-uk.mp3	https://api.dictionaryapi.dev/media/pronunciations/en/watch-uk.mp3
watch-us.mp3	https://api.dictionaryapi.dev/media/pronunciations/en/watch-us.mp3
car-uk.mp3	https://api.dictionaryapi.dev/media/pronunciations/en/car-uk.mp3
car-us.mp3	https://api.dictionaryapi.dev/media/pronunciations/en/car-us.mp3
bus-uk.mp3	https://api.dictionaryapi.dev/media/pronunciations/en/bus-uk.mp3
bus-us.mp3	https://api.dictionaryapi.dev/media/pronunciations/en/bus-us.mp3
bike-us.mp3	https://api.dictionaryapi.dev/media/pronunciations/en/bike-us.mp3
train-1-uk.mp3	https://api.dictionaryapi.dev/media/pronunciations/en/train-1-uk.mp3
train-1-us.mp3	https://api.dictionaryapi.dev/media/pronunciations/en/train-1-us.mp3
plane-us.mp3	https://api.dictionaryapi.dev/media/pronunciations/en/plane-us.mp3
boat-us.mp3	https://api.dictionaryapi.dev/media/pronunciations/en/boat-us.mp3
ship-us.mp3	https://api.dictionaryapi.dev/media/pronunciations/en/ship-us.mp3
truck-us.mp3	https://api.dictionaryapi.dev/media/pronunciations/en/truck-us.mp3
taxi-uk.mp3	https://api.dictionaryapi.dev/media/pronunciations/en/taxi-uk.mp3
taxi-us.mp3	https://api.dictionaryapi.dev/media/pronunciations/en/taxi-us.mp3
helicopter-au.mp3	https://api.dictionaryapi.dev/media/pronunciations/en/helicopter-au.mp3
rocket-us.mp3	https://api.dictionaryapi.dev/media/pronunciations/en/rocket-us.mp3
ambulance-us.mp3	https://api.dictionaryapi.dev/media/pronunciations/en/ambulance-us.mp3
skateboard-us.mp3	https://api.dictionaryapi.dev/media/pronunciations/en/skateboard-us.mp3
ferry-us.mp3	https://api.dictionaryapi.dev/media/pronunciations/en/ferry-us.mp3
van-us.mp3	https://api.dictionaryapi.dev/media/pronunciations/en/van-us.mp3
run-us.mp3	https://api.dictionaryapi.dev/media/pronunciations/en/run-us.mp3
jump-us.mp3	https://api.dictionaryapi.dev/media/pronunciations/en/jump-us.mp3
walk-uk.mp3	https://api.dictionaryapi.dev/media/pronunciations/en/walk-uk.mp3
walk-us.mp3	https://api.dictionaryapi.dev/media/pronunciations/en/walk-us.mp3
swim-1-us.mp3	https://api.dictionaryapi.dev/media/pronunciations/en/swim-1-us.mp3
fly-us.mp3	https://api.dictionaryapi.dev/media/pronunciations/en/fly-us.mp3
eat-uk.mp3	https://api.dictionaryapi.dev/media/pronunciations/en/eat-uk.mp3
eat-us.mp3	https://api.dictionaryapi.dev/media/pronunciations/en/eat-us.mp3
drink-us.mp3	https://api.dictionaryapi.dev/media/pronunciations/en/drink-us.mp3
sleep-us.mp3	https://api.dictionaryapi.dev/media/pronunciations/en/sleep-us.mp3
read-1-uk.mp3	https://api.dictionaryapi.dev/media/pronunciations/en/read-1-uk.mp3
read-2-us.mp3	https://api.dictionaryapi.dev/media/pronunciations/en/read-2-us.mp3
write-uk.mp3	https://api.dictionaryapi.dev/media/pronunciations/en/write-uk.mp3
write-us.mp3	https://api.dictionaryapi.dev/media/pronunciations/en/write-us.mp3
sing-uk.mp3	https://api.dictionaryapi.dev/media/pronunciations/en/sing-uk.mp3
sing-us.mp3	https://api.dictionaryapi.dev/media/pronunciations/en/sing-us.mp3
dance-uk.mp3	https://api.dictionaryapi.dev/media/pronunciations/en/dance-uk.mp3
dance-us.mp3	https://api.dictionaryapi.dev/media/pronunciations/en/dance-us.mp3
play-us.mp3	https://api.dictionaryapi.dev/media/pronunciations/en/play-us.mp3
open-uk.mp3	https://api.dictionaryapi.dev/media/pronunciations/en/open-uk.mp3
open-us.mp3	https://api.dictionaryapi.dev/media/pronunciations/en/open-us.mp3
close-2-uk.mp3	https://api.dictionaryapi.dev/media/pronunciations/en/close-2-uk.mp3
close-1-us.mp3	https://api.dictionaryapi.dev/media/pronunciations/en/close-1-us.mp3
sit-us.mp3	https://api.dictionaryapi.dev/media/pronunciations/en/sit-us.mp3
stand-us.mp3	https://api.dictionaryapi.dev/media/pronunciations/en/stand-us.mp3
clap.mp3	https://api.dictionaryapi.dev/media/pronunciations/en/clap.mp3
wash-uk.mp3	https://api.dictionaryapi.dev/media/pronunciations/en/wash-uk.mp3
wash-us.mp3	https://api.dictionaryapi.dev/media/pronunciations/en/wash-us.mp3
push-1-us.mp3	https://api.dictionaryapi.dev/media/pronunciations/en/push-1-us.mp3
pull-au.mp3	https://api.dictionaryapi.dev/media/pronunciations/en/pull-au.mp3
pull-us.mp3	https://api.dictionaryapi.dev/media/pronunciations/en/pull-us.mp3
catch-us.mp3	https://api.dictionaryapi.dev/media/pronunciations/en/catch-us.mp3
throw-us.mp3	https://api.dictionaryapi.dev/media/pronunciations/en/throw-us.mp3
cry.mp3	https://api.dictionaryapi.dev/media/pronunciations/en/cry.mp3
bake-us.mp3	https://api.dictionaryapi.dev/media/pronunciations/en/bake-us.mp3
sweep-us.mp3	https://api.dictionaryapi.dev/media/pronunciations/en/sweep-us.mp3
hug-us.mp3	https://api.dictionaryapi.dev/media/pronunciations/en/hug-us.mp3
happy-uk.mp3	https://api.dictionaryapi.dev/media/pronunciations/en/happy-uk.mp3
happy-us.mp3	https://api.dictionaryapi.dev/media/pronunciations/en/happy-us.mp3
sad-1-us.mp3	https://api.dictionaryapi.dev/media/pronunciations/en/sad-1-us.mp3
big-uk.mp3	https://api.dictionaryapi.dev/media/pronunciations/en/big-uk.mp3
big-us.ogg	https://api.dictionaryapi.dev/media/pronunciations/en/big-us.ogg
small-uk.mp3	https://api.dictionaryapi.dev/media/pronunciations/en/small-uk.mp3
small-us.mp3	https://api.dictionaryapi.dev/media/pronunciations/en/small-us.mp3
hot-uk.mp3	https://api.dictionaryapi.dev/media/pronunciations/en/hot-uk.mp3
hot-us.mp3	https://api.dictionaryapi.dev/media/pronunciations/en/hot-us.mp3
cold-uk.mp3	https://api.dictionaryapi.dev/media/pronunciations/en/cold-uk.mp3
cold-us.mp3	https://api.dictionaryapi.dev/media/pronunciations/en/cold-us.mp3
fast-uk.mp3	https://api.dictionaryapi.dev/media/pronunciations/en/fast-uk.mp3
fast-us.mp3	https://api.dictionaryapi.dev/media/pronunciations/en/fast-us.mp3
slow-uk.mp3	https://api.dictionaryapi.dev/media/pronunciations/en/slow-uk.mp3
slow-us.mp3	https://api.dictionaryapi.dev/media/pronunciations/en/slow-us.mp3
new-uk.mp3	https://api.dictionaryapi.dev/media/pronunciations/en/new-uk.mp3
new-us.ogg	https://api.dictionaryapi.dev/media/pronunciations/en/new-us.ogg
old-uk.mp3	https://api.dictionaryapi.dev/media/pronunciations/en/old-uk.mp3
old-us.mp3	https://api.dictionaryapi.dev/media/pronunciations/en/old-us.mp3
clean-uk.mp3	https://api.dictionaryapi.dev/media/pronunciations/en/clean-uk.mp3
clean-us.mp3	https://api.dictionaryapi.dev/media/pronunciations/en/clean-us.mp3
dirty-uk.mp3	https://api.dictionaryapi.dev/media/pronunciations/en/dirty-uk.mp3
dirty-us.mp3	https://api.dictionaryapi.dev/media/pronunciations/en/dirty-us.mp3
tall-uk.mp3	https://api.dictionaryapi.dev/media/pronunciations/en/tall-uk.mp3
tall-us-cot-caught merger.mp3	https://api.dictionaryapi.dev/media/pronunciations/en/tall-us-cot-caught%20merger.mp3
short-uk.mp3	https://api.dictionaryapi.dev/media/pronunciations/en/short-uk.mp3
short-us.mp3	https://api.dictionaryapi.dev/media/pronunciations/en/short-us.mp3
good-uk.mp3	https://api.dictionaryapi.dev/media/pronunciations/en/good-uk.mp3
good-us.mp3	https://api.dictionaryapi.dev/media/pronunciations/en/good-us.mp3
bad-uk.mp3	https://api.dictionaryapi.dev/media/pronunciations/en/bad-uk.mp3
bad-us.mp3	https://api.dictionaryapi.dev/media/pronunciations/en/bad-us.mp3
beautiful-uk.mp3	https://api.dictionaryapi.dev/media/pronunciations/en/beautiful-uk.mp3
beautiful-us.mp3	https://api.dictionaryapi.dev/media/pronunciations/en/beautiful-us.mp3
funny-uk.mp3	https://api.dictionaryapi.dev/media/pronunciations/en/funny-uk.mp3
funny-us.mp3	https://api.dictionaryapi.dev/media/pronunciations/en/funny-us.mp3
hungry-us.mp3	https://api.dictionaryapi.dev/media/pronunciations/en/hungry-us.mp3
thirsty-us.mp3	https://api.dictionaryapi.dev/media/pronunciations/en/thirsty-us.mp3
tired-uk.mp3	https://api.dictionaryapi.dev/media/pronunciations/en/tired-uk.mp3
tired-us.mp3	https://api.dictionaryapi.dev/media/pronunciations/en/tired-us.mp3
home-us.mp3	https://api.dictionaryapi.dev/media/pronunciations/en/home-us.mp3
school-uk.mp3	https://api.dictionaryapi.dev/media/pronunciations/en/school-uk.mp3
park-us.mp3	https://api.dictionaryapi.dev/media/pronunciations/en/park-us.mp3
zoo-us.mp3	https://api.dictionaryapi.dev/media/pronunciations/en/zoo-us.mp3
store-us.mp3	https://api.dictionaryapi.dev/media/pronunciations/en/store-us.mp3
hospital-uk.mp3	https://api.dictionaryapi.dev/media/pronunciations/en/hospital-uk.mp3
hospital-us.mp3	https://api.dictionaryapi.dev/media/pronunciations/en/hospital-us.mp3
library-us.mp3	https://api.dictionaryapi.dev/media/pronunciations/en/library-us.mp3
garden-uk.mp3	https://api.dictionaryapi.dev/media/pronunciations/en/garden-uk.mp3
garden-us.mp3	https://api.dictionaryapi.dev/media/pronunciations/en/garden-us.mp3
farm-us.mp3	https://api.dictionaryapi.dev/media/pronunciations/en/farm-us.mp3
kitchen-uk.mp3	https://api.dictionaryapi.dev/media/pronunciations/en/kitchen-uk.mp3
kitchen-us.mp3	https://api.dictionaryapi.dev/media/pronunciations/en/kitchen-us.mp3
bathroom-uk.mp3	https://api.dictionaryapi.dev/media/pronunciations/en/bathroom-uk.mp3
bathroom-us.mp3	https://api.dictionaryapi.dev/media/pronunciations/en/bathroom-us.mp3
bedroom-us.mp3	https://api.dictionaryapi.dev/media/pronunciations/en/bedroom-us.mp3
supermarket-uk.mp3	https://api.dictionaryapi.dev/media/pronunciations/en/supermarket-uk.mp3
restaurant-uk.mp3	https://api.dictionaryapi.dev/media/pronunciations/en/restaurant-uk.mp3
cinema-uk.mp3	https://api.dictionaryapi.dev/media/pronunciations/en/cinema-uk.mp3
cinema-us.mp3	https://api.dictionaryapi.dev/media/pronunciations/en/cinema-us.mp3
teacher-uk.mp3	https://api.dictionaryapi.dev/media/pronunciations/en/teacher-uk.mp3
teacher-us.mp3	https://api.dictionaryapi.dev/media/pronunciations/en/teacher-us.mp3
doctor-uk.mp3	https://api.dictionaryapi.dev/media/pronunciations/en/doctor-uk.mp3
doctor-us.mp3	https://api.dictionaryapi.dev/media/pronunciations/en/doctor-us.mp3
nurse-us.mp3	https://api.dictionaryapi.dev/media/pronunciations/en/nurse-us.mp3
farmer-uk.mp3	https://api.dictionaryapi.dev/media/pronunciations/en/farmer-uk.mp3
farmer-us.mp3	https://api.dictionaryapi.dev/media/pronunciations/en/farmer-us.mp3
cook-uk.mp3	https://api.dictionaryapi.dev/media/pronunciations/en/cook-uk.mp3
cook-us.mp3	https://api.dictionaryapi.dev/media/pronunciations/en/cook-us.mp3
driver-us.mp3	https://api.dictionaryapi.dev/media/pronunciations/en/driver-us.mp3
police-uk.mp3	https://api.dictionaryapi.dev/media/pronunciations/en/police-uk.mp3
police-us.mp3	https://api.dictionaryapi.dev/media/pronunciations/en/police-us.mp3
singer-1-uk.mp3	https://api.dictionaryapi.dev/media/pronunciations/en/singer-1-uk.mp3
singer-1-us.mp3	https://api.dictionaryapi.dev/media/pronunciations/en/singer-1-us.mp3
fisherman-uk.mp3	https://api.dictionaryapi.dev/media/pronunciations/en/fisherman-uk.mp3
astronaut-ca.mp3	https://api.dictionaryapi.dev/media/pronunciations/en/astronaut-ca.mp3
piano-1-uk.mp3	https://api.dictionaryapi.dev/media/pronunciations/en/piano-1-uk.mp3
drum-us.mp3	https://api.dictionaryapi.dev/media/pronunciations/en/drum-us.mp3
guitar-uk.mp3	https://api.dictionaryapi.dev/media/pronunciations/en/guitar-uk.mp3
guitar-us.mp3	https://api.dictionaryapi.dev/media/pronunciations/en/guitar-us.mp3
violin-us.mp3	https://api.dictionaryapi.dev/media/pronunciations/en/violin-us.mp3
trumpet-us.mp3	https://api.dictionaryapi.dev/media/pronunciations/en/trumpet-us.mp3
saxophone-us.mp3	https://api.dictionaryapi.dev/media/pronunciations/en/saxophone-us.mp3
bell-us.mp3	https://api.dictionaryapi.dev/media/pronunciations/en/bell-us.mp3
flute-us.mp3	https://api.dictionaryapi.dev/media/pronunciations/en/flute-us.mp3
basketball-us.mp3	https://api.dictionaryapi.dev/media/pronunciations/en/basketball-us.mp3
baseball-us.mp3	https://api.dictionaryapi.dev/media/pronunciations/en/baseball-us.mp3
volleyball-us.mp3	https://api.dictionaryapi.dev/media/pronunciations/en/volleyball-us.mp3
badminton-us.mp3	https://api.dictionaryapi.dev/media/pronunciations/en/badminton-us.mp3
golf-us.mp3	https://api.dictionaryapi.dev/media/pronunciations/en/golf-us.mp3
mosquito-uk.mp3	https://api.dictionaryapi.dev/media/pronunciations/en/mosquito-uk.mp3
mosquito-us.mp3	https://api.dictionaryapi.dev/media/pronunciations/en/mosquito-us.mp3
ladybug-us.mp3	https://api.dictionaryapi.dev/media/pronunciations/en/ladybug-us.mp3
cricket-us.mp3	https://api.dictionaryapi.dev/media/pronunciations/en/cricket-us.mp3
caterpillar-us.mp3	https://api.dictionaryapi.dev/media/pronunciations/en/caterpillar-us.mp3
worm-us.mp3	https://api.dictionaryapi.dev/media/pronunciations/en/worm-us.mp3
snail-us.mp3	https://api.dictionaryapi.dev/media/pronunciations/en/snail-us.mp3
beetle-us.mp3	https://api.dictionaryapi.dev/media/pronunciations/en/beetle-us.mp3
dragonfly-us.mp3	https://api.dictionaryapi.dev/media/pronunciations/en/dragonfly-us.mp3
spring-uk.mp3	https://api.dictionaryapi.dev/media/pronunciations/en/spring-uk.mp3
spring-us.mp3	https://api.dictionaryapi.dev/media/pronunciations/en/spring-us.mp3
summer-us.mp3	https://api.dictionaryapi.dev/media/pronunciations/en/summer-us.mp3
autumn-uk.mp3	https://api.dictionaryapi.dev/media/pronunciations/en/autumn-uk.mp3
autumn-us.mp3	https://api.dictionaryapi.dev/media/pronunciations/en/autumn-us.mp3
winter-us.mp3	https://api.dictionaryapi.dev/media/pronunciations/en/winter-us.mp3
morning-uk.mp3	https://api.dictionaryapi.dev/media/pronunciations/en/morning-uk.mp3
morning-us.mp3	https://api.dictionaryapi.dev/media/pronunciations/en/morning-us.mp3
noon-uk.mp3	https://api.dictionaryapi.dev/media/pronunciations/en/noon-uk.mp3
noon-us.mp3	https://api.dictionaryapi.dev/media/pronunciations/en/noon-us.mp3
evening-1-us.mp3	https://api.dictionaryapi.dev/media/pronunciations/en/evening-1-us.mp3
night-uk.mp3	https://api.dictionaryapi.dev/media/pronunciations/en/night-uk.mp3
night-us.mp3	https://api.dictionaryapi.dev/media/pronunciations/en/night-us.mp3
monster-us.mp3	https://api.dictionaryapi.dev/media/pronunciations/en/monster-us.mp3
fairy-us.mp3	https://api.dictionaryapi.dev/media/pronunciations/en/fairy-us.mp3
mermaid-us.mp3	https://api.dictionaryapi.dev/media/pronunciations/en/mermaid-us.mp3
wizard-us.mp3	https://api.dictionaryapi.dev/media/pronunciations/en/wizard-us.mp3
witch-us.mp3	https://api.dictionaryapi.dev/media/pronunciations/en/witch-us.mp3
giant-us.mp3	https://api.dictionaryapi.dev/media/pronunciations/en/giant-us.mp3
ghost-us.mp3	https://api.dictionaryapi.dev/media/pronunciations/en/ghost-us.mp3
princess-us.mp3	https://api.dictionaryapi.dev/media/pronunciations/en/princess-us.mp3
wasp-us.mp3	https://api.dictionaryapi.dev/media/pronunciations/en/wasp-us.mp3
hare-us.mp3	https://api.dictionaryapi.dev/media/pronunciations/en/hare-us.mp3
rooster-us.mp3	https://api.dictionaryapi.dev/media/pronunciations/en/rooster-us.mp3
flame-us.mp3	https://api.dictionaryapi.dev/media/pronunciations/en/flame-us.mp3
peacock-us.mp3	https://api.dictionaryapi.dev/media/pronunciations/en/peacock-us.mp3
parrot-us.mp3	https://api.dictionaryapi.dev/media/pronunciations/en/parrot-us.mp3
skate-us.mp3	https://api.dictionaryapi.dev/media/pronunciations/en/skate-us.mp3
mantis-us.mp3	https://api.dictionaryapi.dev/media/pronunciations/en/mantis-us.mp3
rose-1-uk.mp3	https://api.dictionaryapi.dev/media/pronunciations/en/rose-1-uk.mp3
